RS_2009-06,2,1,1
RS_2009-07,5,0,5
RS_2009-08,15,6,9
RS_2009-09,15,9,6
RS_2009-10,18,11,7
RS_2009-11,15,7,8
RS_2009-12,15,6,9
RS_2010-01,19,9,10
RS_2010-02,26,7,19
RS_2010-03,36,15,21
RS_2010-04,29,12,17
RS_2010-05,39,20,19
RS_2010-06,32,18,14
RS_2010-07,43,24,19
RS_2010-08,39,20,19
RS_2010-09,34,17,17
RS_2010-10,45,24,21
RS_2010-11,55,32,23
RS_2010-12,63,31,32
RS_2011-01,154,79,75
RS_2011-02,122,68,54
RS_2011-03,161,74,87
RS_2011-04,157,79,78
RS_2011-05,181,74,107
RS_2011-06,180,83,97
RS_2011-07,180,84,96
RS_2011-08,233,110,123
RS_2011-09,188,84,104
RS_2011-10,213,90,123
RS_2011-11,217,87,130
RS_2011-12,228,106,122
RS_2012-01,286,149,137
RS_2012-02,323,170,153
RS_2012-03,336,162,174
RS_2012-04,397,195,202
RS_2012-05,446,200,246
RS_2012-06,436,194,242
RS_2012-07,530,220,310
RS_2012-08,490,197,293
RS_2012-09,410,189,221
RS_2012-10,346,150,196
RS_2012-11,406,180,226
RS_2012-12,403,180,223
RS_2013-01,527,242,285
RS_2013-02,460,213,247
RS_2013-03,571,261,310
RS_2013-04,720,344,376
RS_2013-05,695,303,392
RS_2013-06,665,258,407
RS_2013-07,694,296,398
RS_2013-08,649,278,371
RS_2013-09,604,257,347
RS_2013-10,682,316,366
RS_2013-11,608,259,349
RS_2013-12,687,324,363
RS_2014-01,929,409,520
RS_2014-02,812,393,419
RS_2014-03,939,433,506
RS_2014-04,"1,009",495,514
RS_2014-05,"1,073",487,586
RS_2014-06,996,423,573
RS_2014-07,"1,145",502,643
RS_2014-08,"1,052",468,584
RS_2014-09,925,445,480
RS_2014-10,"1,022",484,538
RS_2014-11,919,438,481
RS_2014-12,993,471,522
RS_2015-01,"1,193",539,654
RS_2015-02,"1,183",564,619
RS_2015-03,"1,478",686,792
RS_2015-04,"1,489",698,791
RS_2015-05,"1,435",629,806
RS_2015-06,"1,469",656,813
RS_2015-07,"1,504",637,867
RS_2015-08,"1,980",596,"1,384"
RS_2015-09,"1,009",513,496
RS_2015-10,"1,174",619,555
RS_2015-11,"1,157",594,563
RS_2015-12,"1,107",589,518
RS_2016-01,"1,233",597,636
RS_2016-02,"1,107",549,558
RS_2016-03,"1,260",605,655
RS_2016-04,"1,384",665,719
RS_2016-05,"1,487",678,809
RS_2016-06,"1,386",665,721
RS_2016-07,"1,344",641,703
RS_2016-08,"1,415",675,740
RS_2016-09,"1,274",641,633
RS_2016-10,"1,215",617,598
RS_2016-11,"1,185",630,555
RS_2016-12,"1,205",636,569
RS_2017-01,"1,409",756,653
RS_2017-02,"1,339",699,640
RS_2017-03,"1,603",840,763
RS_2017-04,"1,553",815,738
RS_2017-05,"1,530",781,749
RS_2017-06,"1,511",715,796
RS_2017-07,"1,486",699,787
RS_2017-08,"1,560",786,774
RS_2017-09,"1,463",744,719
RS_2017-10,"1,586",889,697
RS_2017-11,"1,494",804,690
RS_2017-12,"1,455",733,722
RS_2018-01,"1,711",853,858
RS_2018-02,"1,584",790,794
RS_2018-03,"2,014","1,035",979
RS_2018-04,"1,913",998,915
RS_2018-05,"2,076","1,036","1,040"
RS_2018-06,"1,864",866,998
RS_2018-07,"1,944",878,"1,066"
RS_2018-08,"2,092","1,032","1,060"
RS_2018-09,"1,843",960,883
RS_2018-10,"2,170","1,114","1,056"
RS_2018-11,"1,848",925,923
RS_2018-12,"1,904",947,957
RS_2019-01,"2,221","1,073","1,148"
RS_2019-02,"2,046",942,"1,104"
RS_2019-03,"3,131","1,880","1,251"
RS_2019-04,"2,495","1,194","1,301"
RS_2019-05,"2,691","1,274","1,417"
RS_2019-06,"2,438","1,116","1,322"
RS_2019-07,"2,723","1,243","1,480"
RS_2019-08,"2,844","1,329","1,515"
RS_2019-09,"2,106",961,"1,145"
RS_2019-10,"2,207","1,050","1,157"
RS_2019-11,"2,131","1,060","1,071"
RS_2019-12,"2,198","1,024","1,174"
RS_2020-01,"2,576","1,186","1,390"
RS_2020-02,"2,592","1,135","1,457"
RS_2020-03,"2,583","1,151","1,432"
RS_2020-04,"3,254","1,434","1,820"
RS_2020-05,"2,517","1,155","1,362"
RS_2020-06,"2,345","1,056","1,289"
RS_2020-07,"2,597","1,176","1,421"
RS_2020-08,"2,673","1,259","1,414"
RS_2020-09,"2,789","1,379","1,410"
RS_2020-10,"2,999","1,551","1,448"
RS_2020-11,"2,733","1,383","1,350"
RS_2020-12,"2,601","1,232","1,369"
RS_2021-01,"2,974","1,399","1,575"
RS_2021-02,"2,800","1,265","1,535"
RS_2021-03,"3,469","1,524","1,945"
RS_2021-04,"3,673","1,583","2,090"
RS_2021-05,"3,695","1,575","2,120"
RS_2021-06,"3,503","1,518","1,985"
RS_2021-07,"2,683","1,152","1,531"
RS_2021-08,"2,750","1,246","1,504"
RS_2021-09,"2,589","1,232","1,357"
RS_2021-10,"2,842","1,362","1,480"
RS_2021-11,"2,675","1,391","1,284"
RS_2021-12,"3,043","1,445","1,598"
RS_2022-01,"3,456","1,650","1,806"
RS_2022-02,"2,913","1,393","1,520"
RS_2022-03,"3,570","1,598","1,972"
RS_2022-04,"3,678","1,639","2,039"
RS_2022-05,"3,856","1,640","2,216"
RS_2022-06,"3,566","1,498","2,068"
RS_2022-07,"3,642","1,681","1,961"
RS_2022-08,"3,655","1,710","1,945"
RS_2022-09,"3,357","1,579","1,778"
RS_2022-10,"3,654","1,695","1,959"
RS_2022-11,"2,914","1,417","1,497"
RS_2022-12,"3,284","1,499","1,785"
RS_2023-01,"3,706","1,637","2,069"
RS_2023-02,"3,468","1,480","1,988"
RS_2023-03,"4,178","1,827","2,351"
RS_2023-04,"4,300","1,812","2,488"
RS_2023-05,"4,539","1,993","2,546"
RS_2023-06,"5,897","2,486","3,411"
RS_2023-07,"7,422","3,243","4,179"
RS_2023-08,"7,659","3,450","4,209"
RS_2023-09,"7,237","3,304","3,933"
RS_2023-10,"7,181","3,393","3,788"
RS_2023-11,"7,002","3,240","3,762"
RS_2023-12,"6,952","3,227","3,725"
,308841,143912,164929